title,price,description,image,sub_categ,categ
"STRUMPOR FROST ÄLGTRIO SMÅMÖNSTRAD, GRÖN/BRUN STRL. 40-45",kr,"65% bomull, 33% nylon and 2% elastan",https://www.nordicsouvenir.com/pub_images/large/47230.jpg?timestamp=1655097065,,Nyheter
"STRUMPOR FROST ÄLGTRIO SMÅMÖNSTRAD, GRÖN/BRUN STRL. 35-39",kr,"65% bomull, 33% nylon and 2% elastan",https://www.nordicsouvenir.com/pub_images/large/47229.jpg?timestamp=1655097065,,Nyheter
"STRUMPOR FROST ÄLGTRIO, SWEDEN, GRÖN/BRUN STRL. 40-45",kr,"65% bomull, 33% nylon and 2% elastan",https://www.nordicsouvenir.com/pub_images/large/47228.jpg?timestamp=1655097064,,Nyheter
"STRUMPOR FROST ÄLGTRIO, SWEDEN, GRÖN/BRUN STRL. 35-39",kr,"65% bomull, 33% nylon and 2% elastan",https://www.nordicsouvenir.com/pub_images/large/47227.jpg?timestamp=1655097063,,Nyheter
"STRUMPOR FROST ÄLG, SWEDEN, GRÖN STRL. 40-45",kr,"65% bomull, 33% nylon and 2% elastan",https://www.nordicsouvenir.com/pub_images/large/47226.jpg?timestamp=1655097062,,Nyheter
"STRUMPOR FROST ÄLG, SWEDEN, GRÖN STRL. 35-39",kr,"65% bomull, 33% nylon and 2% elastan",https://www.nordicsouvenir.com/pub_images/large/47225.jpg?timestamp=1655097061,,Nyheter
"STRUMPOR FROST ROYAL KINGDOM SWEDEN, BLÅ STRL. 40-45",kr,"65% bomull, 33% nylon and 2% elastan",https://www.nordicsouvenir.com/pub_images/large/47224.jpg?timestamp=1655097061,,Nyheter
"STRUMPOR FROST ROYAL KINGDOM SWEDEN, BLÅ STRL. 35-39",kr,"65% bomull, 33% nylon and 2% elastan",https://www.nordicsouvenir.com/pub_images/large/47223.jpg?timestamp=1655097060,,Nyheter
"STRUMPOR FROST KURBITSMÖNSTER, SWEDEN, STRL. 40-45",kr,"65% bomull, 33% nylon and 2% elastan",https://www.nordicsouvenir.com/pub_images/large/47222.jpg?timestamp=1655097059,,Nyheter
"STRUMPOR FROST KURBITSMÖNSTER, SWEDEN, STRL. 35-39",kr,"65% bomull, 33% nylon and 2% elastan",https://www.nordicsouvenir.com/pub_images/large/47221.jpg?timestamp=1655097058,,Nyheter
"STRUMPOR FROST FLAGGOR, SVERIGE, SMÅMÖNSTRAD STRL. 40-45",kr,"65% bomull, 33% nylon and 2% elastan",https://www.nordicsouvenir.com/pub_images/large/47220.jpg?timestamp=1655097058,,Nyheter
"STRUMPOR FROST FLAGGOR, SVERIGE, SMÅMÖNSTRAD STRL. 35-39",kr,"65% bomull, 33% nylon and 2% elastan",https://www.nordicsouvenir.com/pub_images/large/47219.jpg?timestamp=1655097057,,Nyheter
STRUMPOR FROST STOR FLAGGA SWEDEN STRL. 40-45,kr,"65% bomull, 33% nylon and 2% elastan",https://www.nordicsouvenir.com/pub_images/large/47218.jpg?timestamp=1655097056,,Nyheter
STRUMPOR FROST STOR FLAGGA SWEDEN STRL. 35-39,kr,"65% bomull, 33% nylon and 2% elastan",https://www.nordicsouvenir.com/pub_images/large/47217.jpg?timestamp=1655097055,,Nyheter
STRUMPOR FROST DALAHÄSTAR SMÅMÖNSTRAD STRL. 40-45,kr,"65% bomull, 33% nylon and 2% elastan",https://www.nordicsouvenir.com/pub_images/large/47216.jpg?timestamp=1655097055,,Nyheter
STRUMPOR FROST DALAHÄSTAR SMÅMÖNSTRAD STRL. 35-39,kr,"65% bomull, 33% nylon and 2% elastan",https://www.nordicsouvenir.com/pub_images/large/47215.jpg?timestamp=1655097054,,Nyheter
"STRUMPOR FROST DALAHÄST KURBITSBLOMMA, STRL 40-45",kr,"65% bomull, 33% nylon and 2% elastan",https://www.nordicsouvenir.com/pub_images/large/47214.jpg?timestamp=1655097053,,Nyheter
"STRUMPOR FROST DALAHÄST KURBITSBLOMMA, STRL 35-39",kr,"65% bomull, 33% nylon and 2% elastan",https://www.nordicsouvenir.com/pub_images/large/47213.jpg?timestamp=1655097052,,Nyheter
"STRUMPOR FROST ALLAN OF SWEDEN, STRL. 40-45",kr,"65% bomull, 33% nylon and 2% elastan",https://www.nordicsouvenir.com/pub_images/large/47212.jpg?timestamp=1655097051,,Nyheter
"STRUMPOR FROST ALLAN OF SWEDEN, STRL. 35-39",kr,"65% bomull, 33% nylon and 2% elastan",https://www.nordicsouvenir.com/pub_images/large/47211.jpg?timestamp=1655097051,,Nyheter
"KEPS FROST SWEDEN EST. 1523, DENIM",kr,,https://www.nordicsouvenir.com/pub_images/large/44670.jpg?timestamp=1655096979,,Nyheter
